producto_id,nombre_producto,categoria,precio_base
1.0,Producto_1,Ropa,172.87165043322943
2.0,Producto_2,Ropa,392.5201043089
3.0,Producto_3,Ropa,94.28881887706844
4.0,Producto_4,Abarrotes,370.6396094033911
5.0,Producto_5,Abarrotes,51.5312567181439
6.0,Producto_6,Electrónica,34.79877975642775
7.0,Producto_7,Abarrotes,292.57470568803876
8.0,Producto_8,Abarrotes,41.79299732851469
9.0,Producto_9,Ropa,88.37329220205862
10.0,Producto_10,Ropa,322.08293141905415
11.0,Producto_11,Electrónica,166.40605333054745
12.0,Producto_12,Hogar,431.3532468937747
13.0,Producto_13,Ropa,476.67393212804717
14.0,Producto_14,Ropa,72.02291541643383
15.0,Producto_15,Salud,37.03663071457145
16.0,Producto_16,Abarrotes,165.02984108947865
17.0,Producto_17,Salud,143.80440924123698
18.0,Producto_18,Ropa,144.5181482952344
19.0,Producto_19,Salud,268.8309564916261
20.0,Producto_20,Hogar,429.97741886223116
21.0,Producto_21,Electrónica,128.8722893123819
22.0,Producto_22,Abarrotes,215.63528561577192
23.0,Producto_23,Salud,188.0950502405838
24.0,Producto_24,Ropa,492.45412330728476
25.0,Producto_25,Ropa,108.19453895226977
26.0,Producto_26,Abarrotes,425.1584121053179
27.0,Producto_27,Ropa,205.17962978315725
28.0,Producto_28,Salud,314.6536313781687
29.0,Producto_29,Hogar,419.73067432335915
30.0,Producto_30,Abarrotes,310.56725111766025
31.0,Producto_31,Abarrotes,299.5674600852528
32.0,Producto_32,Salud,319.52686760307114
33.0,Producto_33,Hogar,61.359745348301246
34.0,Producto_34,Electrónica,126.3653622607792
35.0,Producto_35,Electrónica,168.2799658484571
36.0,Producto_36,Hogar,419.54380582887006
37.0,Producto_37,Ropa,74.37232877037323
38.0,Producto_38,Abarrotes,439.60473971145336
39.0,Producto_39,Ropa,322.43576110659035
40.0,Producto_40,Electrónica,462.96162240500126
253.5587059597927,Producto_41,Salud,2291.3785394044357
42.0,Producto_42,Electrónica,225.33660772843527
43.0,Producto_43,Hogar,386.8206922025832
44.0,Producto_44,Abarrotes,240.87094621055596
45.0,Producto_45,Abarrotes,337.91082558022083
46.0,Producto_46,Electrónica,63.212111217541
47.0,Producto_47,Electrónica,65.83690849258218
354.76306379171945,Producto_48,Salud,2801.8813826208498
49.0,Producto_49,Electrónica,288.42095055938563
50.0,Producto_50,Salud,10.045213981622593
51.0,Producto_51,Ropa,290.3605043073694
52.0,Producto_52,Electrónica,305.3141189130988
53.0,Producto_53,Electrónica,124.0318044537767
54.0,Producto_54,Electrónica,238.85287885004334
55.0,Producto_55,Salud,377.2641606902442
56.0,Producto_56,Ropa,289.0795822893088
57.0,Producto_57,Abarrotes,466.46023201470143
58.0,Producto_58,Hogar,270.2520305816777
59.0,Producto_59,Salud,147.50372218637247
60.0,Producto_60,Hogar,422.9610604725574
61.0,Producto_61,Hogar,385.2723540448815
62.0,Producto_62,Ropa,155.18902903259254
63.0,Producto_63,Ropa,442.1873848195375
64.0,Producto_64,Salud,54.21238951682124
65.0,Producto_65,Electrónica,386.004434635464
66.0,Producto_66,Ropa,188.71388351754723
67.0,Producto_67,Ropa,42.46048433507828
68.0,Producto_68,Abarrotes,435.8429806811062
69.0,Producto_69,Hogar,77.20493411430692
70.0,Producto_70,Hogar,93.66868595082099
71.0,Producto_71,Ropa,210.2048311857382
72.0,Producto_72,Ropa,159.0739201637213
73.0,Producto_73,Electrónica,138.43087628085578
74.0,Producto_74,Electrónica,290.1837895595357
75.0,Producto_75,Ropa,451.00395159698223
76.0,Producto_76,Salud,352.36940137143665
77.0,Producto_77,Salud,185.3486884239373
78.0,Producto_78,Ropa,16.860370184997727
79.0,Producto_79,Ropa,188.86260842348938
80.0,Producto_80,Salud,99.90856224266358
81.0,Producto_81,Salud,383.92869654000793
82.0,Producto_82,Electrónica,440.63029536878827
83.0,Producto_83,Ropa,334.7382244555558
84.0,Producto_84,Hogar,403.81811551294084
85.0,Producto_85,Hogar,254.20759358327604
86.0,Producto_86,Abarrotes,416.09748785054575
87.0,Producto_87,Ropa,290.2805096991112
88.0,Producto_88,Hogar,348.06337471180154
89.0,Producto_89,Electrónica,464.85376058376903
90.0,Producto_90,Abarrotes,461.38965905067107
91.0,Producto_91,Electrónica,33.69310970731389
92.0,Producto_92,Abarrotes,485.36665968718086
93.0,Producto_93,Salud,277.8406180507891
94.0,Producto_94,Electrónica,397.0207226415245
95.0,Producto_95,Ropa,398.2395914175894
96.0,Producto_96,Hogar,441.07981760728654
97.0,Producto_97,Electrónica,309.47884209850815
98.0,Producto_98,Electrónica,33.74573627321212
99.0,Producto_99,Abarrotes,282.67800364002517
100.0,Producto_100,Abarrotes,290.95564427989154
101.0,Producto_101,Ropa,426.97899772126374
102.0,Producto_102,Electrónica,411.20827409058137
103.0,Producto_103,Hogar,58.94264819880976
104.0,Producto_104,Hogar,7.727003940277814
,,,
106.0,Producto_106,Ropa,5.377604095189753
107.0,Producto_107,Ropa,107.30474048404147
108.0,Producto_108,Abarrotes,351.5991188306634
109.0,Producto_109,Ropa,357.72043717678184
110.0,Producto_110,Abarrotes,101.47130911651108
111.0,Producto_111,Hogar,435.12442990170234
112.0,Producto_112,Ropa,480.1788394046045
113.0,Producto_113,Hogar,59.25680127559318
114.0,Producto_114,Abarrotes,303.12140516790305
115.0,Producto_115,Abarrotes,390.6779747866769
116.0,Producto_116,Abarrotes,134.80770490172483
117.0,Producto_117,Salud,359.8487127158195
118.0,Producto_118,Ropa,306.9382473526203
119.0,Producto_119,Abarrotes,421.0741795482683
120.0,Producto_120,Hogar,285.66422810485756
121.0,Producto_121,Salud,34.888831337989004
122.0,Producto_122,Hogar,405.4708837473511
1225.0220688052004,Producto_123,Salud,799.9459680009159
124.0,Producto_124,Salud,425.0486422092309
125.0,Producto_125,Ropa,353.89532415974884
126.0,Producto_126,Salud,432.4327110186592
127.0,Producto_127,Salud,80.12748871499778
128.0,Producto_128,Abarrotes,213.0114246897729
129.0,Producto_129,Hogar,489.97640955199245
130.0,Producto_130,Abarrotes,262.4318092597584
131.0,Producto_131,Electrónica,400.4223920804488
132.0,Producto_132,Abarrotes,198.2290022365971
133.0,Producto_133,Electrónica,468.14991952783646
134.0,Producto_134,Salud,109.25719560311998
,,,
136.0,Producto_136,Electrónica,45.96356033047632
137.0,Producto_137,Abarrotes,163.81344787273252
138.0,Producto_138,Abarrotes,322.41711555766756
139.0,Producto_139,Electrónica,217.38397894595525
140.0,Producto_140,Electrónica,129.268536599737
141.0,Producto_141,Abarrotes,364.52393672997715
142.0,Producto_142,Abarrotes,293.83659743751065
143.0,Producto_143,Ropa,52.48396669009413
144.0,Producto_144,Hogar,57.503113444913986
145.0,Producto_145,Ropa,283.04926397188217
146.0,Producto_146,Salud,405.31626808249405
147.0,Producto_147,Hogar,467.696998795784
148.0,Producto_148,Salud,49.07529376535246
149.0,Producto_149,Salud,147.54874402739148
150.0,Producto_150,Electrónica,111.79713156914244
151.0,Producto_151,Electrónica,310.64897219459357
152.0,Producto_152,Hogar,96.42984486558227
1296.166273091087,Producto_153,Electrónica,814.765498151121
154.0,Producto_154,Electrónica,76.90837224471355
155.0,Producto_155,Electrónica,213.8150654331594
156.0,Producto_156,Abarrotes,77.86391804704648
157.0,Producto_157,Salud,420.091967970872
158.0,Producto_158,Electrónica,120.09833232457282
159.0,Producto_159,Salud,18.520498887140874
160.0,Producto_160,Abarrotes,211.06598289563058
161.0,Producto_161,Abarrotes,132.89861198906723
162.0,Producto_162,Ropa,255.19816437852563
163.0,Producto_163,Ropa,492.4447060221166
164.0,Producto_164,Abarrotes,407.2790140635899
165.0,Producto_165,Hogar,226.06220356908068
166.0,Producto_166,Salud,318.04397197659745
167.0,Producto_167,Ropa,58.800396807489726
,,,
169.0,Producto_169,Abarrotes,87.80537384430953
170.0,Producto_170,Ropa,351.0032293910451
171.0,Producto_171,Hogar,134.69702799446077
172.0,Producto_172,Ropa,330.9419032697517
173.0,Producto_173,Electrónica,311.13899814300186
174.0,Producto_174,Ropa,417.82163152731823
175.0,Producto_175,Salud,197.55379240477657
176.0,Producto_176,Salud,410.16898513883575
177.0,Producto_177,Ropa,72.67554341049676
178.0,Producto_178,Salud,314.536528837585
179.0,Producto_179,Salud,310.5601814708831
180.0,Producto_180,Salud,121.70519741735485
181.0,Producto_181,Electrónica,256.52428561200577
182.0,Producto_182,Abarrotes,41.473882247477285
183.0,Producto_183,Salud,400.39735847980694
,,,
185.0,Producto_185,Abarrotes,278.89983195213006
186.0,Producto_186,Abarrotes,56.709006712752036
187.0,Producto_187,Electrónica,91.69797667362101
188.0,Producto_188,Ropa,477.5817001106962
189.0,Producto_189,Hogar,340.243484117899
190.0,Producto_190,Ropa,387.44511629678016
191.0,Producto_191,Abarrotes,371.43810943637783
192.0,Producto_192,Electrónica,110.48743138930156
193.0,Producto_193,Abarrotes,409.95428531146433
194.0,Producto_194,Ropa,123.23614527506776
195.0,Producto_195,Ropa,359.3740230541516
196.0,Producto_196,Electrónica,104.36275924475586
197.0,Producto_197,Abarrotes,202.22403350213887
198.0,Producto_198,Electrónica,405.61383595858297
199.0,Producto_199,Ropa,90.41885705935438
200.0,Producto_200,Abarrotes,315.8470741600153
201.0,Producto_201,Hogar,176.58259507013608
202.0,Producto_202,Salud,499.13118490031053
203.0,Producto_203,Abarrotes,40.32201633029353
204.0,Producto_204,Abarrotes,155.82891157441907
205.0,Producto_205,Electrónica,352.8874636483907
206.0,Producto_206,Electrónica,93.59784315657006
207.0,Producto_207,Hogar,149.84829091219805
208.0,Producto_208,Abarrotes,475.6289706923223
209.0,Producto_209,Salud,472.441187505537
210.0,Producto_210,Salud,8.207331960088144
211.0,Producto_211,Abarrotes,483.22275243890385
212.0,Producto_212,Ropa,412.16569836085057
213.0,Producto_213,Salud,405.18017595258317
214.0,Producto_214,Electrónica,235.7459371902775
215.0,Producto_215,Ropa,323.3563638910773
216.0,Producto_216,Ropa,213.66227394276112
217.0,Producto_217,Ropa,300.00396383532336
218.0,Producto_218,Salud,420.1500415000858
219.0,Producto_219,Hogar,17.691031443599194
220.0,Producto_220,Abarrotes,361.0616782346386
221.0,Producto_221,Abarrotes,258.95084897018563
222.0,Producto_222,Abarrotes,354.83820149234464
223.0,Producto_223,Abarrotes,275.6368816915266
224.0,Producto_224,Salud,12.560735881620966
225.0,Producto_225,Salud,248.89264175333355
226.0,Producto_226,Ropa,103.73663219806534
227.0,Producto_227,Abarrotes,52.16073292843785
228.0,Producto_228,Salud,426.45560136436666
229.0,Producto_229,Salud,344.3670947536069
230.0,Producto_230,Salud,48.32738283104813
231.0,Producto_231,Electrónica,297.94102876592586
232.0,Producto_232,Hogar,213.691190737407
233.0,Producto_233,Abarrotes,386.51305713075124
234.0,Producto_234,Salud,375.04578146675175
235.0,Producto_235,Salud,74.68998958346265
236.0,Producto_236,Electrónica,307.1641902037391
237.0,Producto_237,Hogar,340.1924866271294
238.0,Producto_238,Hogar,64.34844601817124
239.0,Producto_239,Electrónica,302.3894532505102
,,,
241.0,Producto_241,Ropa,147.69510098664708
242.0,Producto_242,Salud,386.91589110418914
243.0,Producto_243,Ropa,474.85654939166943
244.0,Producto_244,Salud,498.53414573135035
245.0,Producto_245,Salud,230.45892490628768
246.0,Producto_246,Ropa,160.38640174571103
247.0,Producto_247,Abarrotes,8.428652849096533
248.0,Producto_248,Hogar,136.22101500293047
249.0,Producto_249,Salud,362.45800208694305
250.0,Producto_250,Abarrotes,355.98399479392265
251.0,Producto_251,Hogar,480.0446315165368
252.0,Producto_252,Salud,134.1975280308827
,,,
254.0,Producto_254,Abarrotes,53.895095302552356
255.0,Producto_255,Ropa,428.79203886795284
256.0,Producto_256,Ropa,229.54698477380236
257.0,Producto_257,Ropa,64.11728508061333
258.0,Producto_258,Ropa,270.04700167397306
259.0,Producto_259,Salud,188.4313914781109
260.0,Producto_260,Salud,9.665010692697738
261.0,Producto_261,Salud,316.8438546573535
262.0,Producto_262,Hogar,58.740930965753044
263.0,Producto_263,Hogar,299.9706565594211
264.0,Producto_264,Electrónica,170.14590208129218
265.0,Producto_265,Abarrotes,28.63467754171231
266.0,Producto_266,Ropa,147.9655373627767
267.0,Producto_267,Electrónica,347.7919423413003
268.0,Producto_268,Abarrotes,119.25254645507816
269.0,Producto_269,Electrónica,362.28827724094936
270.0,Producto_270,Abarrotes,187.90556105950068
271.0,Producto_271,Abarrotes,186.31725284242853
272.0,Producto_272,Salud,209.29231802069413
273.0,Producto_273,Abarrotes,390.9966084648518
274.0,Producto_274,Hogar,245.3203104649865
275.0,Producto_275,Salud,497.3701300830071
276.0,Producto_276,Salud,260.3615618691771
277.0,Producto_277,Electrónica,106.70107477819349
278.0,Producto_278,Abarrotes,397.536428553862
279.0,Producto_279,Abarrotes,322.2896588210271
280.0,Producto_280,Salud,152.34746821592458
281.0,Producto_281,Hogar,216.3978150171078
282.0,Producto_282,Electrónica,220.81934965673895
283.0,Producto_283,Hogar,384.6772429805618
284.0,Producto_284,Electrónica,75.807723310452
285.0,Producto_285,Abarrotes,171.78520495170181
286.0,Producto_286,Electrónica,369.97470585999633
287.0,Producto_287,Salud,238.45879121912023
288.0,Producto_288,Abarrotes,344.548816922429
289.0,Producto_289,Ropa,313.1609285862205
290.0,Producto_290,Hogar,251.14514630925925
291.0,Producto_291,Abarrotes,277.91558110220876
292.0,Producto_292,Electrónica,237.97023681264486
293.0,Producto_293,Salud,96.18168692140318
294.0,Producto_294,Abarrotes,378.4034803934278
295.0,Producto_295,Abarrotes,141.61709312851423
296.0,Producto_296,Ropa,393.542847915647
297.0,Producto_297,Abarrotes,46.80345666328702
298.0,Producto_298,Electrónica,243.6587599525506
299.0,Producto_299,Ropa,305.60066060464396
300.0,Producto_300,Salud,67.52463613050378
301.0,Producto_301,Electrónica,35.35737333846121
302.0,Producto_302,Ropa,114.24542114511473
303.0,Producto_303,Salud,398.89862820979783
304.0,Producto_304,Electrónica,290.17317104914935
305.0,Producto_305,Salud,20.640267885236796
306.0,Producto_306,Salud,430.41703924797196
307.0,Producto_307,Ropa,132.1688765281924
308.0,Producto_308,Abarrotes,162.92892786245238
309.0,Producto_309,Salud,112.44896895355896
310.0,Producto_310,Electrónica,471.5635869985268
311.0,Producto_311,Electrónica,31.608139829908996
312.0,Producto_312,Ropa,157.04499457331707
313.0,Producto_313,Hogar,331.0581563623659
314.0,Producto_314,Hogar,436.8156491859283
315.0,Producto_315,Ropa,154.43309164287282
316.0,Producto_316,Hogar,315.6355259581751
317.0,Producto_317,Electrónica,478.48925707182707
318.0,Producto_318,Ropa,15.395197337403838
319.0,Producto_319,Abarrotes,370.48984657730426
320.0,Producto_320,Abarrotes,492.2015231330629
321.0,Producto_321,Hogar,186.8909356685595
322.0,Producto_322,Salud,322.272720410794
323.0,Producto_323,Salud,175.94905535316934
324.0,Producto_324,Abarrotes,65.07097676000791
325.0,Producto_325,Abarrotes,495.586817347615
326.0,Producto_326,Hogar,42.3821963909837
327.0,Producto_327,Ropa,43.53862327935056
328.0,Producto_328,Electrónica,418.21849897434737
329.0,Producto_329,Salud,203.3363489965849
330.0,Producto_330,Salud,48.13671604001591
331.0,Producto_331,Hogar,387.6951066024159
332.0,Producto_332,Abarrotes,392.75619415873496
333.0,Producto_333,Abarrotes,105.92129078905961
334.0,Producto_334,Electrónica,157.85148635661116
335.0,Producto_335,Abarrotes,121.47772189434687
336.0,Producto_336,Abarrotes,482.13262549432363
337.0,Producto_337,Electrónica,372.0149603519537
338.0,Producto_338,Electrónica,487.51489435160875
339.0,Producto_339,Ropa,287.6466378472278
340.0,Producto_340,Ropa,309.57200669108425
341.0,Producto_341,Salud,343.5672973527332
342.0,Producto_342,Electrónica,319.81443808118183
343.0,Producto_343,Hogar,183.21926470547785
344.0,Producto_344,Electrónica,76.01307777442572
345.0,Producto_345,Ropa,416.4722118773005
346.0,Producto_346,Hogar,204.45352365155426
347.0,Producto_347,Ropa,238.8889182164837
348.0,Producto_348,Abarrotes,91.63202775508628
349.0,Producto_349,Electrónica,51.1091822471974
350.0,Producto_350,Ropa,485.86680234024703
351.0,Producto_351,Salud,467.0952581727804
352.0,Producto_352,Electrónica,266.888683092571
353.0,Producto_353,Abarrotes,7.6411878828689135
354.0,Producto_354,Abarrotes,119.57382063578035
355.0,Producto_355,Electrónica,401.04831655379894
356.0,Producto_356,Hogar,202.33229214499875
357.0,Producto_357,Electrónica,337.8448049247292
358.0,Producto_358,Salud,464.68092682349163
359.0,Producto_359,Abarrotes,376.10942280033424
360.0,Producto_360,Abarrotes,10.76404384020698
361.0,Producto_361,Hogar,242.74998482925534
362.0,Producto_362,Abarrotes,218.30493362799507
363.0,Producto_363,Abarrotes,111.09001695978219
364.0,Producto_364,Electrónica,485.6031867977025
365.0,Producto_365,Ropa,338.89265028856744
366.0,Producto_366,Hogar,365.1715872240892
367.0,Producto_367,Ropa,170.82103799784804
368.0,Producto_368,Abarrotes,76.58299412348703
369.0,Producto_369,Ropa,487.75193696259885
370.0,Producto_370,Abarrotes,383.166317710777
371.0,Producto_371,Ropa,264.8003897366943
372.0,Producto_372,Ropa,172.33456914190916
373.0,Producto_373,Ropa,34.96807855804449
374.0,Producto_374,Abarrotes,231.78470107983742
375.0,Producto_375,Electrónica,132.02710420951252
376.0,Producto_376,Salud,209.7580831286432
377.0,Producto_377,Hogar,390.7115668108887
378.0,Producto_378,Hogar,257.77906885414717
379.0,Producto_379,Abarrotes,390.4305786936773
380.0,Producto_380,Hogar,243.19261131096079
381.0,Producto_381,Ropa,388.2943751437318
382.0,Producto_382,Electrónica,440.24503232949974
383.0,Producto_383,Abarrotes,215.74169586550835
384.0,Producto_384,Electrónica,134.75275551459688
385.0,Producto_385,Salud,152.72210071374008
386.0,Producto_386,Electrónica,22.73600450328165
387.0,Producto_387,Abarrotes,268.6342061580624
388.0,Producto_388,Ropa,122.94192955382339
389.0,Producto_389,Salud,290.9046190302696
390.0,Producto_390,Salud,30.90764769232684
391.0,Producto_391,Ropa,149.70041815399782
392.0,Producto_392,Abarrotes,371.497353104795
393.0,Producto_393,Abarrotes,305.90476003342656
394.0,Producto_394,Electrónica,71.10776846228828
395.0,Producto_395,Electrónica,56.53397819620983
396.0,Producto_396,Salud,498.62170067148264
397.0,Producto_397,Salud,319.23191664163636
398.0,Producto_398,Abarrotes,225.3744740059628
399.0,Producto_399,Hogar,496.6433439870303
400.0,Producto_400,Hogar,439.433329955382
401.0,Producto_401,Hogar,231.11652571295
402.0,Producto_402,Salud,65.76917914295771
403.0,Producto_403,Salud,395.2769297460432
404.0,Producto_404,Electrónica,474.8730671998756
405.0,Producto_405,Hogar,298.62608116009113
406.0,Producto_406,Ropa,451.7389731301519
407.0,Producto_407,Electrónica,49.422672947364525
408.0,Producto_408,Ropa,148.45880367186984
,,,
2848.2747569645985,Producto_410,Salud,991.3384630210148
411.0,Producto_411,Ropa,227.61137560024395
412.0,Producto_412,Ropa,181.60429273792784
413.0,Producto_413,Hogar,431.6848792363995
414.0,Producto_414,Electrónica,45.46010887208834
415.0,Producto_415,Hogar,15.137432658672562
416.0,Producto_416,Abarrotes,324.31337034310513
417.0,Producto_417,Salud,425.4193331492006
418.0,Producto_418,Ropa,209.88552971143844
419.0,Producto_419,Salud,131.76082983719925
420.0,Producto_420,Electrónica,451.21293096581354
421.0,Producto_421,Electrónica,132.86440548237968
422.0,Producto_422,Salud,76.64551858457432
423.0,Producto_423,Abarrotes,287.7248518273578
424.0,Producto_424,Electrónica,388.1622439146824
425.0,Producto_425,Electrónica,379.1363764567071
426.0,Producto_426,Abarrotes,130.775854778326
427.0,Producto_427,Ropa,484.2080761487971
428.0,Producto_428,Salud,318.2195034157568
429.0,Producto_429,Abarrotes,474.89512851445687
,,,
431.0,Producto_431,Electrónica,56.045046715397795
432.0,Producto_432,Abarrotes,257.5228579591542
433.0,Producto_433,Ropa,188.6305070090054
434.0,Producto_434,Electrónica,265.66690233135336
435.0,Producto_435,Ropa,350.7504751408637
436.0,Producto_436,Hogar,70.38624741044575
437.0,Producto_437,Electrónica,47.28100555458257
438.0,Producto_438,Abarrotes,108.911357573633
439.0,Producto_439,Hogar,343.91330840498307
440.0,Producto_440,Salud,332.55369918915346
441.0,Producto_441,Salud,218.26231832406248
,,,
443.0,Producto_443,Ropa,367.23788701828556
,,,
445.0,Producto_445,Abarrotes,265.4358555091838
446.0,Producto_446,Salud,162.23803413398733
447.0,Producto_447,Salud,11.308814264121583
448.0,Producto_448,Electrónica,265.58576099618966
449.0,Producto_449,Ropa,59.62000796031858
450.0,Producto_450,Electrónica,492.0257583646907
451.0,Producto_451,Ropa,247.5925688568194
452.0,Producto_452,Electrónica,269.57095664439646
453.0,Producto_453,Abarrotes,400.87521555572226
454.0,Producto_454,Ropa,493.09117278549144
455.0,Producto_455,Salud,347.05170800509
456.0,Producto_456,Ropa,45.562822425352785
457.0,Producto_457,Abarrotes,429.15895390785187
458.0,Producto_458,Abarrotes,93.42159784053167
459.0,Producto_459,Hogar,84.34793254696605
460.0,Producto_460,Ropa,444.2624451008629
461.0,Producto_461,Abarrotes,256.1698210555785
462.0,Producto_462,Salud,150.18257255938843
463.0,Producto_463,Salud,99.37421888084623
464.0,Producto_464,Abarrotes,157.59965310304315
465.0,Producto_465,Abarrotes,344.7942966496937
466.0,Producto_466,Salud,323.3228666282423
467.0,Producto_467,Electrónica,276.30972623081294
468.0,Producto_468,Electrónica,160.3984568464111
469.0,Producto_469,Salud,438.3425319193179
470.0,Producto_470,Ropa,52.17821457962261
471.0,Producto_471,Hogar,33.21901139553235
472.0,Producto_472,Salud,472.2773421987936
473.0,Producto_473,Electrónica,145.05352665669443
474.0,Producto_474,Ropa,184.11214936570238
475.0,Producto_475,Electrónica,296.33038643781515
476.0,Producto_476,Ropa,69.74109460924716
477.0,Producto_477,Ropa,460.27270026994586
478.0,Producto_478,Hogar,103.94601541373453
479.0,Producto_479,Abarrotes,378.56130563288593
480.0,Producto_480,Ropa,414.8319600784917
481.0,Producto_481,Ropa,333.43330043797516
482.0,Producto_482,Hogar,430.82006672518435
483.0,Producto_483,Salud,130.44583062681417
484.0,Producto_484,Salud,412.1037358227951
485.0,Producto_485,Electrónica,258.9753584110128
486.0,Producto_486,Electrónica,313.35680315327454
487.0,Producto_487,Ropa,368.02171385659466
488.0,Producto_488,Abarrotes,494.8484554900115
489.0,Producto_489,Hogar,352.8396637576763
490.0,Producto_490,Salud,319.6290175446265
491.0,Producto_491,Ropa,450.81858756291547
492.0,Producto_492,Abarrotes,48.647254511108855
493.0,Producto_493,Abarrotes,337.8105404379574
494.0,Producto_494,Abarrotes,93.82876975223144
495.0,Producto_495,Hogar,390.0918454633799
496.0,Producto_496,Salud,369.1683784815591
497.0,Producto_497,Electrónica,51.8643666874351
498.0,Producto_498,Salud,499.3005389306489
499.0,Producto_499,Ropa,108.52497119646071
500.0,Producto_500,Hogar,76.65316474232256
501.0,Producto_501,Electrónica,112.23074517887457
502.0,Producto_502,Ropa,305.65593068152805
503.0,Producto_503,Ropa,267.9861442216938
504.0,Producto_504,Salud,186.1796975418466
505.0,Producto_505,Electrónica,202.27755902822346
506.0,Producto_506,Abarrotes,63.17544526654154
507.0,Producto_507,Salud,174.79546385554548
508.0,Producto_508,Ropa,95.59410654332599
509.0,Producto_509,Electrónica,215.0352842139188
510.0,Producto_510,Abarrotes,205.36146166430646
511.0,Producto_511,Salud,477.9446542895748
512.0,Producto_512,Ropa,132.12242792287265
513.0,Producto_513,Hogar,315.73824645715126
514.0,Producto_514,Salud,283.8034450732513
515.0,Producto_515,Salud,37.680826708930965
516.0,Producto_516,Ropa,435.7292466036981
517.0,Producto_517,Electrónica,442.36235726177125
518.0,Producto_518,Abarrotes,218.98481122090396
519.0,Producto_519,Ropa,316.194412248559
520.0,Producto_520,Salud,402.2662109902331
521.0,Producto_521,Electrónica,190.58055222033747
522.0,Producto_522,Ropa,74.18890280156448
523.0,Producto_523,Electrónica,214.7102796633434
524.0,Producto_524,Hogar,324.5877063293993
525.0,Producto_525,Ropa,21.001773446840907
526.0,Producto_526,Ropa,410.2975194141054
527.0,Producto_527,Salud,427.2014149645973
528.0,Producto_528,Hogar,105.1410275526287
529.0,Producto_529,Abarrotes,467.5095403470693
530.0,Producto_530,Salud,95.72092402822673
531.0,Producto_531,Electrónica,286.2416269223036
532.0,Producto_532,Abarrotes,237.44161741297432
533.0,Producto_533,Abarrotes,343.2856092285063
3334.2849923467525,Producto_534,Electrónica,3141.901274686634
535.0,Producto_535,Hogar,460.9217164095419
536.0,Producto_536,Hogar,225.71322026816375
537.0,Producto_537,Electrónica,114.79713589818374
538.0,Producto_538,Salud,245.4856026340981
539.0,Producto_539,Salud,466.641011630834
540.0,Producto_540,Electrónica,359.7305663243671
541.0,Producto_541,Electrónica,344.7305737578319
542.0,Producto_542,Electrónica,26.208995133154254
543.0,Producto_543,Hogar,298.1981823278321
544.0,Producto_544,Electrónica,115.47804730756945
545.0,Producto_545,Electrónica,89.5017110468863
546.0,Producto_546,Abarrotes,354.83267462529363
547.0,Producto_547,Hogar,464.18338340675183
548.0,Producto_548,Salud,139.64122738434241
549.0,Producto_549,Salud,390.71953739055357
550.0,Producto_550,Electrónica,50.58219376380873
551.0,Producto_551,Salud,277.81997237794616
552.0,Producto_552,Ropa,224.24921257292854
553.0,Producto_553,Hogar,27.760952219897895
554.0,Producto_554,Electrónica,459.7842714361476
555.0,Producto_555,Hogar,147.5923042115329
556.0,Producto_556,Electrónica,314.66052396238064
557.0,Producto_557,Salud,145.96959581951683
558.0,Producto_558,Hogar,10.677867864378843
559.0,Producto_559,Hogar,428.2004754804051
560.0,Producto_560,Hogar,97.07842941210865
561.0,Producto_561,Hogar,321.4511822292105
562.0,Producto_562,Hogar,170.67982806228122
563.0,Producto_563,Hogar,158.4823035604848
564.0,Producto_564,Ropa,38.308370733915496
565.0,Producto_565,Electrónica,189.94787243082223
566.0,Producto_566,Hogar,204.74880866605932
567.0,Producto_567,Hogar,37.731964379116505
,,,
569.0,Producto_569,Abarrotes,289.10991997447627
,,,
571.0,Producto_571,Electrónica,208.28464238292963
572.0,Producto_572,Hogar,87.06571487990466
573.0,Producto_573,Abarrotes,491.16608925168435
574.0,Producto_574,Ropa,83.17245355878323
575.0,Producto_575,Electrónica,215.23426898002907
576.0,Producto_576,Ropa,67.11953342061344
577.0,Producto_577,Ropa,292.497926952306
578.0,Producto_578,Hogar,172.42736560628788
579.0,Producto_579,Salud,245.86125495389757
580.0,Producto_580,Ropa,114.84367980842929
581.0,Producto_581,Hogar,395.36353299491594
582.0,Producto_582,Hogar,197.2764519190944
583.0,Producto_583,Abarrotes,180.33298765388088
584.0,Producto_584,Salud,340.67584124188596
585.0,Producto_585,Salud,481.64596428850405
586.0,Producto_586,Electrónica,166.56676568559433
587.0,Producto_587,Ropa,433.8583769518116
588.0,Producto_588,Electrónica,404.0381150375544
589.0,Producto_589,Abarrotes,369.2061234797605
590.0,Producto_590,Ropa,290.6346046482009
591.0,Producto_591,Electrónica,132.18938145168764
592.0,Producto_592,Electrónica,377.67681197200716
593.0,Producto_593,Ropa,475.5793050370279
594.0,Producto_594,Salud,294.8455556689495
595.0,Producto_595,Ropa,320.9780415026403
596.0,Producto_596,Abarrotes,317.37034199146683
597.0,Producto_597,Salud,88.71376181013864
598.0,Producto_598,Electrónica,390.6322432289836
599.0,Producto_599,Hogar,134.8272434945617
600.0,Producto_600,Ropa,275.2049251858193
601.0,Producto_601,Hogar,451.73167283697575
602.0,Producto_602,Salud,485.43232612059364
603.0,Producto_603,Abarrotes,301.50888209786996
604.0,Producto_604,Electrónica,99.35189502036252
605.0,Producto_605,Ropa,431.2866102229652
606.0,Producto_606,Ropa,219.40226031935057
607.0,Producto_607,Ropa,330.15831766062456
608.0,Producto_608,Abarrotes,388.39773006210476
609.0,Producto_609,Hogar,313.71945604892977
610.0,Producto_610,Abarrotes,307.1916362470312
611.0,Producto_611,Hogar,484.94293528879984
612.0,Producto_612,Electrónica,87.08347444371023
613.0,Producto_613,Ropa,415.3007276376078
614.0,Producto_614,Abarrotes,424.40048426699764
615.0,Producto_615,Salud,37.89362922403803
616.0,Producto_616,Abarrotes,152.85907084112947
617.0,Producto_617,Hogar,499.8619082387688
618.0,Producto_618,Salud,491.84633400748163
619.0,Producto_619,Ropa,441.52058409628336
620.0,Producto_620,Hogar,52.44287698963346
621.0,Producto_621,Salud,21.320780693264677
622.0,Producto_622,Ropa,338.7651146104613
623.0,Producto_623,Abarrotes,27.299568138335953
624.0,Producto_624,Ropa,353.10099679006095
625.0,Producto_625,Hogar,52.149967431684495
626.0,Producto_626,Abarrotes,261.9304744320988
627.0,Producto_627,Ropa,470.4293549922727
628.0,Producto_628,Salud,462.3796416398011
629.0,Producto_629,Abarrotes,254.80898686552723
630.0,Producto_630,Ropa,147.58764250964248
631.0,Producto_631,Salud,171.35487194107316
632.0,Producto_632,Salud,265.37802718173424
633.0,Producto_633,Abarrotes,6.883334239468688
634.0,Producto_634,Ropa,168.6177952507096
635.0,Producto_635,Hogar,72.70644383484117
636.0,Producto_636,Salud,410.0424265256426
637.0,Producto_637,Abarrotes,341.09100546384303
638.0,Producto_638,Abarrotes,253.79815015310513
639.0,Producto_639,Ropa,309.9678365752943
640.0,Producto_640,Electrónica,139.54292542011714
641.0,Producto_641,Abarrotes,479.4707357771252
642.0,Producto_642,Salud,362.3337273798298
643.0,Producto_643,Ropa,215.22493185695558
644.0,Producto_644,Abarrotes,123.93630231380459
645.0,Producto_645,Abarrotes,90.68114190788853
646.0,Producto_646,Abarrotes,233.5216671452102
,,,
648.0,Producto_648,Hogar,67.84066514336865
649.0,Producto_649,Abarrotes,456.2010282391934
650.0,Producto_650,Electrónica,329.6515147102429
651.0,Producto_651,Abarrotes,310.1174490163399
652.0,Producto_652,Electrónica,481.54847853817085
653.0,Producto_653,Salud,433.9724477831523
654.0,Producto_654,Salud,239.20782528473455
655.0,Producto_655,Electrónica,415.21993174663254
656.0,Producto_656,Hogar,368.2709000275828
657.0,Producto_657,Salud,96.26909975937471
658.0,Producto_658,Salud,389.9147660515318
659.0,Producto_659,Salud,132.02461199221992
660.0,Producto_660,Ropa,282.073374931256
661.0,Producto_661,Electrónica,371.95640223370685
662.0,Producto_662,Abarrotes,211.20051612431362
663.0,Producto_663,Ropa,183.25339852818234
664.0,Producto_664,Salud,144.66555190530525
665.0,Producto_665,Hogar,112.11823876593465
666.0,Producto_666,Electrónica,294.9671229576242
667.0,Producto_667,Abarrotes,84.20285462964321
668.0,Producto_668,Electrónica,161.43476837172452
669.0,Producto_669,Salud,260.6610261349555
670.0,Producto_670,Hogar,237.22251613829695
671.0,Producto_671,Salud,277.6998585665856
672.0,Producto_672,Hogar,406.0526805501314
673.0,Producto_673,Electrónica,100.38266305762194
674.0,Producto_674,Hogar,87.63595901820433
675.0,Producto_675,Hogar,493.36159524719403
676.0,Producto_676,Electrónica,392.7309679165096
677.0,Producto_677,Ropa,471.73431524596526
678.0,Producto_678,Electrónica,40.84933211377978
679.0,Producto_679,Electrónica,134.4216848066653
680.0,Producto_680,Abarrotes,374.8133562126018
681.0,Producto_681,Electrónica,436.7485698138827
682.0,Producto_682,Salud,165.83984914427356
683.0,Producto_683,Ropa,39.98977749633977
684.0,Producto_684,Ropa,52.27034581344958
685.0,Producto_685,Electrónica,12.529732859551217
686.0,Producto_686,Ropa,289.76357654151815
687.0,Producto_687,Electrónica,370.89442611879156
688.0,Producto_688,Abarrotes,400.6296625044848
689.0,Producto_689,Abarrotes,476.40664674481906
690.0,Producto_690,Electrónica,306.54496374984785
691.0,Producto_691,Abarrotes,328.1071235158102
692.0,Producto_692,Salud,349.8350642073898
4350.102482500835,Producto_693,Salud,1255.7073917807163
694.0,Producto_694,Salud,441.93787487332617
695.0,Producto_695,Ropa,195.58750090659566
696.0,Producto_696,Salud,118.92542324651077
697.0,Producto_697,Salud,437.738052254168
698.0,Producto_698,Electrónica,292.05151438893574
699.0,Producto_699,Hogar,499.0610436911636
700.0,Producto_700,Salud,202.83874136961185
701.0,Producto_701,Electrónica,361.0499222092132
702.0,Producto_702,Electrónica,59.98813767854464
703.0,Producto_703,Ropa,339.88915765454254
704.0,Producto_704,Hogar,44.88049181216702
705.0,Producto_705,Hogar,199.06880311725652
706.0,Producto_706,Hogar,167.01351812510842
707.0,Producto_707,Electrónica,131.58265183899792
708.0,Producto_708,Electrónica,160.505525160325
709.0,Producto_709,Electrónica,460.7990489226196
710.0,Producto_710,Hogar,125.84939380566198
711.0,Producto_711,Abarrotes,392.97772146483106
712.0,Producto_712,Salud,64.21108936132973
713.0,Producto_713,Electrónica,402.4741344445669
714.0,Producto_714,Salud,100.73749710358867
715.0,Producto_715,Electrónica,145.5480401936862
716.0,Producto_716,Hogar,249.82492759407774
717.0,Producto_717,Electrónica,432.62816932798006
718.0,Producto_718,Hogar,203.42126650504352
719.0,Producto_719,Abarrotes,341.1602992190811
720.0,Producto_720,Ropa,288.52063423950204
721.0,Producto_721,Abarrotes,188.1828931455648
722.0,Producto_722,Hogar,148.502934480954
723.0,Producto_723,Salud,257.16899980695547
724.0,Producto_724,Ropa,497.4853908902775
725.0,Producto_725,Salud,79.42840837292741
726.0,Producto_726,Abarrotes,403.9859083299683
727.0,Producto_727,Abarrotes,12.060763706101392
728.0,Producto_728,Abarrotes,353.69110329363264
729.0,Producto_729,Hogar,22.632546063655106
730.0,Producto_730,Hogar,179.67569290361493
731.0,Producto_731,Abarrotes,177.4140091831965
3903.6148197844846,Producto_732,Salud,2240.310938931692
733.0,Producto_733,Abarrotes,138.54756129979822
734.0,Producto_734,Abarrotes,467.15665574932706
735.0,Producto_735,Abarrotes,181.92866960228116
736.0,Producto_736,Hogar,195.27238602537068
737.0,Producto_737,Electrónica,283.65204625966726
738.0,Producto_738,Ropa,63.114208259326645
,,,
740.0,Producto_740,Hogar,448.34639297358405
741.0,Producto_741,Electrónica,352.9483066368386
742.0,Producto_742,Ropa,339.40093176531354
743.0,Producto_743,Abarrotes,254.8808055851315
744.0,Producto_744,Salud,300.43009447569005
745.0,Producto_745,Ropa,24.177743897908336
746.0,Producto_746,Abarrotes,433.76795038849474
747.0,Producto_747,Salud,84.94915743742271
748.0,Producto_748,Hogar,438.3132713363058
749.0,Producto_749,Electrónica,344.08494425556836
750.0,Producto_750,Hogar,247.53305220007013
751.0,Producto_751,Salud,70.64253953112106
752.0,Producto_752,Electrónica,485.4950301405945
753.0,Producto_753,Abarrotes,158.00888490899905
754.0,Producto_754,Salud,404.8937578601118
755.0,Producto_755,Ropa,377.3435045469165
756.0,Producto_756,Hogar,429.47964624759845
757.0,Producto_757,Electrónica,372.5198931946135
,,,
759.0,Producto_759,Electrónica,75.12307560702388
,,,
761.0,Producto_761,Electrónica,154.18353729371424
762.0,Producto_762,Abarrotes,420.29074213562507
763.0,Producto_763,Ropa,104.69853776845623
764.0,Producto_764,Ropa,379.02694763774656
765.0,Producto_765,Electrónica,32.97960477072459
766.0,Producto_766,Electrónica,204.1951198754985
767.0,Producto_767,Hogar,297.1118308081489
768.0,Producto_768,Hogar,331.426917355943
769.0,Producto_769,Electrónica,71.239896412355
770.0,Producto_770,Abarrotes,415.0864875187975
771.0,Producto_771,Abarrotes,302.05363046590094
772.0,Producto_772,Abarrotes,165.01856202167593
773.0,Producto_773,Abarrotes,414.56346340111236
774.0,Producto_774,Salud,313.16580459038045
775.0,Producto_775,Electrónica,125.44781735344571
776.0,Producto_776,Abarrotes,372.5102787300717
777.0,Producto_777,Ropa,447.33678918118574
778.0,Producto_778,Abarrotes,479.86753166476353
779.0,Producto_779,Salud,10.272992872718671
780.0,Producto_780,Electrónica,404.38194767290685
781.0,Producto_781,Ropa,150.2877869277004
782.0,Producto_782,Hogar,490.71587892724926
783.0,Producto_783,Salud,266.90205512099976
784.0,Producto_784,Ropa,283.6352006736179
785.0,Producto_785,Abarrotes,174.3080252622837
786.0,Producto_786,Electrónica,77.88934600226584
787.0,Producto_787,Abarrotes,54.04619528117927
788.0,Producto_788,Electrónica,83.67153517490964
789.0,Producto_789,Abarrotes,473.6005594053205
790.0,Producto_790,Electrónica,136.46010985840948
791.0,Producto_791,Salud,14.50423293584495
792.0,Producto_792,Abarrotes,26.707855538351133
793.0,Producto_793,Salud,194.41472842477336
794.0,Producto_794,Electrónica,70.83695356646783
795.0,Producto_795,Salud,239.4457352308186
796.0,Producto_796,Abarrotes,178.46505738194023
797.0,Producto_797,Abarrotes,421.26279226268906
798.0,Producto_798,Hogar,25.452014050794247
799.0,Producto_799,Salud,290.8066149600094
800.0,Producto_800,Ropa,295.3961566439874
801.0,Producto_801,Abarrotes,159.58854278613185
802.0,Producto_802,Electrónica,27.912341555731775
803.0,Producto_803,Abarrotes,475.2770610476058
804.0,Producto_804,Salud,113.68404594776298
805.0,Producto_805,Hogar,450.1510137669505
806.0,Producto_806,Salud,310.70385568450695
807.0,Producto_807,Abarrotes,50.56962482292115
808.0,Producto_808,Abarrotes,64.01166132407685
809.0,Producto_809,Abarrotes,64.28526546702045
810.0,Producto_810,Salud,181.58131249265364
811.0,Producto_811,Abarrotes,430.7253744781347
812.0,Producto_812,Ropa,111.51123840414076
813.0,Producto_813,Salud,283.7091011343638
814.0,Producto_814,Electrónica,468.75953542896355
815.0,Producto_815,Hogar,415.1436654808595
816.0,Producto_816,Abarrotes,318.78033381137516
817.0,Producto_817,Salud,100.49224121301367
818.0,Producto_818,Hogar,454.39086161399706
819.0,Producto_819,Ropa,235.14726465721805
820.0,Producto_820,Electrónica,86.35525254593956
821.0,Producto_821,Abarrotes,311.6882100239157
822.0,Producto_822,Salud,404.09065813373286
823.0,Producto_823,Abarrotes,432.3770689669678
824.0,Producto_824,Ropa,244.85953372929438
825.0,Producto_825,Ropa,287.848944476564
826.0,Producto_826,Ropa,79.78229870635734
827.0,Producto_827,Abarrotes,408.20957651613315
828.0,Producto_828,Hogar,119.33631346255439
829.0,Producto_829,Abarrotes,364.0300527165185
830.0,Producto_830,Hogar,5.824543562858172
831.0,Producto_831,Electrónica,274.090268654404
832.0,Producto_832,Ropa,259.4323581470944
,,,
834.0,Producto_834,Hogar,74.97167365987295
835.0,Producto_835,Abarrotes,158.61456584065803
836.0,Producto_836,Hogar,385.8607509256194
837.0,Producto_837,Salud,205.39056895259134
838.0,Producto_838,Hogar,121.61415547945575
839.0,Producto_839,Salud,399.74487097681214
840.0,Producto_840,Electrónica,94.50514370776547
841.0,Producto_841,Salud,301.42477694003605
842.0,Producto_842,Hogar,59.59484026598483
843.0,Producto_843,Electrónica,274.84209406732276
844.0,Producto_844,Abarrotes,410.52553274856416
845.0,Producto_845,Hogar,261.5596691621803
846.0,Producto_846,Hogar,202.81376928322058
847.0,Producto_847,Salud,306.4636047478678
848.0,Producto_848,Salud,88.69288369811474
849.0,Producto_849,Electrónica,132.8195444478522
850.0,Producto_850,Salud,206.59030388699213
851.0,Producto_851,Electrónica,38.11906222230492
852.0,Producto_852,Ropa,366.5365880386893
853.0,Producto_853,Ropa,300.7984667672478
854.0,Producto_854,Hogar,226.8165444736361
855.0,Producto_855,Electrónica,497.9689841094267
856.0,Producto_856,Hogar,314.59677794095285
857.0,Producto_857,Hogar,476.927755129248
858.0,Producto_858,Hogar,119.67392804655994
859.0,Producto_859,Salud,104.17864912890902
860.0,Producto_860,Abarrotes,40.79276051821139
861.0,Producto_861,Hogar,335.93060564311986
862.0,Producto_862,Salud,476.599962414392
863.0,Producto_863,Abarrotes,344.90370169340105
864.0,Producto_864,Salud,147.50408918343308
865.0,Producto_865,Ropa,133.45141295835282
866.0,Producto_866,Electrónica,170.32002992654947
867.0,Producto_867,Ropa,261.68966195724647
868.0,Producto_868,Abarrotes,319.359990696835
869.0,Producto_869,Ropa,332.8630912192322
870.0,Producto_870,Electrónica,84.50470230670335
871.0,Producto_871,Hogar,113.83584256081643
872.0,Producto_872,Salud,67.42358535113489
873.0,Producto_873,Ropa,368.51636732610007
874.0,Producto_874,Abarrotes,417.1052912352528
875.0,Producto_875,Hogar,39.9642169687547
876.0,Producto_876,Hogar,259.7549773176569
877.0,Producto_877,Electrónica,454.46418283403943
878.0,Producto_878,Ropa,467.90543307245747
879.0,Producto_879,Ropa,26.707177528970945
880.0,Producto_880,Salud,52.986044881676506
881.0,Producto_881,Salud,272.15580026092823
882.0,Producto_882,Hogar,312.83276857484276
883.0,Producto_883,Salud,423.52674152725217
884.0,Producto_884,Ropa,18.747572991856096
885.0,Producto_885,Electrónica,126.60126677062907
886.0,Producto_886,Ropa,177.8353466853468
887.0,Producto_887,Salud,352.0481188211208
888.0,Producto_888,Abarrotes,366.3955496002527
889.0,Producto_889,Hogar,28.75116940971598
890.0,Producto_890,Abarrotes,94.30093863226104
891.0,Producto_891,Ropa,332.518565208206
892.0,Producto_892,Abarrotes,232.58996890985256
893.0,Producto_893,Hogar,166.3788058161843
894.0,Producto_894,Electrónica,263.63452495720134
895.0,Producto_895,Salud,305.91918597958147
896.0,Producto_896,Ropa,61.580967485345745
897.0,Producto_897,Ropa,436.7097585457045
898.0,Producto_898,Hogar,389.3295151209362
899.0,Producto_899,Hogar,254.89588826276713
900.0,Producto_900,Salud,109.9158713961962
901.0,Producto_901,Salud,176.5645772960709
902.0,Producto_902,Ropa,462.8120018274391
903.0,Producto_903,Abarrotes,406.5060294724902
904.0,Producto_904,Salud,191.55649537407274
905.0,Producto_905,Salud,172.87629138759416
906.0,Producto_906,Abarrotes,189.15028813347575
907.0,Producto_907,Salud,75.64618480230047
908.0,Producto_908,Abarrotes,270.4570728421999
909.0,Producto_909,Electrónica,192.49269947925524
910.0,Producto_910,Salud,260.58320277335497
911.0,Producto_911,Hogar,85.52621896142263
912.0,Producto_912,Electrónica,299.09544376524315
913.0,Producto_913,Hogar,185.36322379435808
914.0,Producto_914,Hogar,245.92689454016653
915.0,Producto_915,Ropa,483.4931328939789
916.0,Producto_916,Ropa,199.0386381926267
917.0,Producto_917,Ropa,262.21400118335714
918.0,Producto_918,Hogar,439.4593243513253
919.0,Producto_919,Salud,380.7437512064063
920.0,Producto_920,Abarrotes,479.3993559286605
921.0,Producto_921,Ropa,356.98022125440644
922.0,Producto_922,Ropa,329.52026943839127
923.0,Producto_923,Electrónica,16.936642536406616
924.0,Producto_924,Salud,398.51322312740166
925.0,Producto_925,Abarrotes,87.39856060561621
926.0,Producto_926,Abarrotes,115.49346496138517
,,,
928.0,Producto_928,Abarrotes,197.55397699976342
929.0,Producto_929,Abarrotes,397.89373945370386
930.0,Producto_930,Abarrotes,8.441564304984656
6582.99408278681,Producto_931,Ropa,2595.849416057706
932.0,Producto_932,Abarrotes,11.58905942478852
933.0,Producto_933,Salud,256.7873158480578
934.0,Producto_934,Abarrotes,35.31208074852421
935.0,Producto_935,Ropa,247.42265405411848
936.0,Producto_936,Ropa,137.58436910883702
937.0,Producto_937,Hogar,331.1971705549846
938.0,Producto_938,Abarrotes,122.48343221745817
939.0,Producto_939,Salud,123.27387068095464
940.0,Producto_940,Hogar,167.43568315517834
,,,
942.0,Producto_942,Abarrotes,266.3846789739905
943.0,Producto_943,Hogar,234.7700776713229
944.0,Producto_944,Salud,369.7778903869577
945.0,Producto_945,Salud,392.57979196171067
946.0,Producto_946,Salud,225.2390098797065
947.0,Producto_947,Salud,146.62677147118205
948.0,Producto_948,Ropa,153.19766509450625
949.0,Producto_949,Abarrotes,402.0157078030806
950.0,Producto_950,Salud,44.94688014945357
951.0,Producto_951,Hogar,346.37615948646146
952.0,Producto_952,Hogar,255.25736215731413
953.0,Producto_953,Abarrotes,7.769432216046278
954.0,Producto_954,Abarrotes,99.82578903536658
955.0,Producto_955,Electrónica,278.8702863594679
956.0,Producto_956,Hogar,248.22753486828532
957.0,Producto_957,Hogar,163.4262322004973
958.0,Producto_958,Ropa,384.5366301232426
959.0,Producto_959,Electrónica,147.24312421585097
960.0,Producto_960,Electrónica,239.0871165927189
961.0,Producto_961,Electrónica,259.0574241978293
962.0,Producto_962,Salud,46.03890072349402
963.0,Producto_963,Ropa,305.42620489173544
964.0,Producto_964,Hogar,63.23552122107243
965.0,Producto_965,Salud,277.0943879438542
966.0,Producto_966,Electrónica,390.7235424077323
967.0,Producto_967,Abarrotes,139.33801322872878
968.0,Producto_968,Hogar,211.89535734564097
969.0,Producto_969,Salud,174.07840030150794
970.0,Producto_970,Electrónica,424.4735964923212
971.0,Producto_971,Abarrotes,195.00415213986636
972.0,Producto_972,Electrónica,156.81322133509343
973.0,Producto_973,Ropa,132.3526155954697
974.0,Producto_974,Abarrotes,388.0474919192397
975.0,Producto_975,Salud,187.2528303419079
976.0,Producto_976,Ropa,443.47296280445
977.0,Producto_977,Hogar,86.12199450592398
978.0,Producto_978,Abarrotes,443.1773877000353
979.0,Producto_979,Electrónica,230.94727032889185
980.0,Producto_980,Abarrotes,73.46006590214044
981.0,Producto_981,Electrónica,56.50672419904779
982.0,Producto_982,Abarrotes,253.31603671042006
983.0,Producto_983,Salud,324.977106640852
984.0,Producto_984,Abarrotes,453.31348400170793
985.0,Producto_985,Salud,397.9551107630662
986.0,Producto_986,Ropa,433.35199115053393
987.0,Producto_987,Salud,156.0672244883915
988.0,Producto_988,Electrónica,6.474819750580005
989.0,Producto_989,Abarrotes,171.98771927307183
990.0,Producto_990,Ropa,67.1920030515862
991.0,Producto_991,Ropa,291.31319350582555
992.0,Producto_992,Hogar,319.4097079800627
993.0,Producto_993,Hogar,109.7426890438436
994.0,Producto_994,Hogar,236.19788089940403
995.0,Producto_995,Abarrotes,290.8019833187027
996.0,Producto_996,Hogar,403.23638948231195
997.0,Producto_997,Hogar,259.80634797761206
998.0,Producto_998,Electrónica,404.3645676284026
999.0,Producto_999,Ropa,115.23637678841997
